plotID;management;date;Gymnocarpium dryopteris;Urtica dioica;Rumex longifolius;Rumex acetosa;Bistorta vivipara;Sagina procumbens;Stellaria media;Stellaria graminea;Cerastium fontanum ssp. vulgare;Ranunculus auricomus;Ranunculus acris;Ranunculus repens;Anemone nemorosa;Filipendula ulmaria;Geum urbanum;Geum rivale;Potentilla erecta;Fragaria vesca;Rubus idaeus;Alchemilla sp;Rosa dumalis;Trifolium repens;Trifolium pratense;Lotus corniculatus;Vicia cracca;Vicia sepium;Lathyrus pratensis;Oxalis acetosella;Geranium sylvaticum;Hypericum maculatum;Viola tricolor;Viola riviniana;Viola canina;Anthriscus sylvestris;Carum carvi;Pimpinella saxifraga;Heracleum sp;Vaccinium vitis-idaea;Vaccinium myrtillus;Trientalis europaea;Galium boreale;Galium verum;Myosotis arvensis;Ajuga pyramidalis;Prunella vulgaris;Galeopsis tetrahit;Veronica chamaedrys;Veronica serpyllifolia;Veronica officinalis;Melampyrum sylvaticum;Knautia arvensis;Succisa pratensis;Campanula rotundifolia;Achillea millefolium;Achillea ptarmica;Leucanthemum vulgare;Leontodon autumnalis;Crepis sp;Taraxacum sp;Hieracium sp;Hieracium pilosella;Maianthemum bifolium;Juncus sp;Luzula pilosa;Luzula multiflora;Luzula campestris;Carex sp;Carex canescens;Carex pilulifera;Carex pallescens;Anthoxanthum odoratum;Phleum pratense;Agrostis capillaris;Avenella flexuosa;Deschampsia cespitosa;Avenula pubescens;Dactylis glomerata;Poa pratensis;Poa annua;Poa trivialis;Festuca rubra;Schedonorus pratensis;Lolium perenne;Elytrigia repens;Betula pubescens;Prunus padus;Populus tremula;Sorbus aucuparia;Alnus incana;Picea abies;tree_cover_percent ;shrub_cover_percent;field_layer_cover_percent2;field_layer_height_max_cm;field_layer_height_mean_cm;litter_cover_percent;litter_depth_cm;bryophytes_cover_percent;bare_soil_percent;soil_fertility;aspect;slope;soil_depth;lab_ID;soil_sample_ID;specific_weight_soil;pH;PAL;KAL;MgAL;CaAL;KHNO3;OM;soil_sample_ID2;specific_weight_soil2;pH2;PAL2;KAL2;MgAL2;CaAL2;KHNO32;OM2
1008;abandonment;25.06.2008;0;0;0;1;0;0;0;2;0;0;5;0;0;0;0;0;0;0;0;0;0;0;0;0;4;0;0;0;0;0;0;0;0;0;2;0;0;0;0;0;0;0;0;0;0;0;5;0;0;0;0;0;0;18;0;0;0;0;0;0;0;0;0;0;0;0;0;0;0;0;2;0;75;0;0;0;0;5;0;0;10;0;0;10;0;0;0;0;0;0;0;0;;;;;;;;l/m;southwest;10-20;1.2;;;;;;;;;;;;;;;;;;;
1024;grazing;29.08.2008;0;0;0;2;0;0;0;2;0;0;5;3;0;0;0;5;0;0;0;0;0;0;1;0;1;0;0;25;5;0;0;0;0;0;0;0;0;0;0;0;0;0;0;0;0;1;0;0;0;0;0;0;1;7;0;0;0;0;0;0;0;0;0;0;0;0;0;0;0;0;0;0;35;15;0;0;0;0;0;0;10;0;0;0;0;0;0;1;0;0;60;0;60;62;15;50;0.5;90;10;m;northwest;5-10;1.1;L008-00462-001;80022;0.74;5;3;15.4;25.5;166;81;17.9;80023;0.98;5;0.8;4.5;7.7;52.6;174;7
1026;grazing;04.07.2008;0;0;0;0;0;0;1;0;0;0;8;0;2;0;0;0;0;1;0;0;0;0;0;0;0;0;0;0;0;0;0;0;1;0;0;0;0;0;0;0;0;0;0;0;0;0;0;0;0;0;0;0;10;5;0;0;0;0;0;0;0;0;0;0;0;0;2;0;0;1;12;0;20;0;30;0;0;5;0;0;5;0;0;0;0;0;0;0;0;0;0;0;60;73;8;50;0.5;30;10;l;south;>20;2.5;L008-00462-003;80024;0.7;4.7;4.5;20.3;32.2;91.4;191;19.2;80025;0.63;4.6;2.3;9.3;18.9;58.8;;12.4
1027;abandonment;23.06.2008;0;0;0;1;0;0;0;0;0;0;3;0;10;0;0;0;0;0;1;1;0;0;0;0;0;0;0;0;20;0;0;0;0;0;0;0;0;0;0;0;0;0;0;0;0;0;2;0;0;0;0;0;3;5;0;0;0;0;0;0;0;0;0;0;0;0;0;0;0;0;5;0;25;0;0;0;0;20;0;0;30;10;0;2;0;0;0;0;0;0;0;0;85;65;30;90;0.5;0;1;l/m;south;10-20;;L008-00462-005;80026;0.93;5.1;4.2;11.5;16.2;82.4;47;10.8;80027;1.09;5.4;0.8;4.5;7.1;47.1;74;4.9
1034;grazing;04.07.2008;0;0;0;0;0;0;0;1;0;0;10;0;8;0;0;0;0;0;0;0;0;0;0;0;0;0;0;0;0;0;0;0;1;0;6;0;0;0;0;0;0;0;0;0;0;0;0;0;0;0;0;0;2;4;0;0;1;0;0;0;0;0;0;0;0;0;0;0;0;0;10;0;25;0;40;0;0;3;0;0;10;0;0;0;0;0;0;0;0;0;0;0;60;107;17;80;0.1;35;2;m;southwest;10-20;0.5;L008-00462-007;80028;0.72;5;4.5;20.6;26.4;118;65;20.8;;;;;;;;;
1035;abandonment;25.06.2008;0;0;0;1;0;0;0;1;0;0;3;1;0;0;0;0;0;0;0;0;0;1;0;1;0;0;0;0;0;0;0;3;0;0;0;0;0;0;0;0;0;0;0;0;0;0;5;0;2;0;0;0;20;7;0;0;1;0;0;0;0;0;0;0;0;0;0;0;2;0;12;0;20;0;1;0;0;5;0;0;5;0;0;0;0;0;0;0;0;0;0;0;80;0;15;10;0;75;0;l;southwest;10-20;0.9;L008-00462-008;80029;0.95;4.9;3.9;8.1;11.6;35.8;114;9.3;80030;1.06;5.1;0.9;3.6;4.6;19.3;168;3.9
1040;abandonment;25.06.2008;0;0;0;0;0;0;0;0;0;0;10;0;0;0;0;0;0;0;0;0;0;3;0;0;0;0;0;1;1;0;0;0;0;0;0;1;2;0;0;0;0;0;0;0;0;1;6;0;0;0;0;0;3;8;0;0;0;0;0;0;0;0;0;0;0;0;0;0;0;0;7;0;60;0;5;0;0;20;0;0;10;0;0;0;0;0;0;0;0;0;0;0;95;0;30;40;0;35;0;m;south;10-20;0.8;L008-00462-010;80031;0.88;5;3.1;13.1;11.2;52.7;54;9.6;80032;1.01;5.2;1.2;7.2;4.5;27.6;67;5.2
1044;abandonment;23.06.2008;0;0;0;0;0;0;0;0;1;0;0;1;3;0;0;0;0;0;0;0;0;1;2;0;0;1;0;0;1;0;0;0;0;0;0;1;2;0;0;0;0;0;0;0;0;0;1;0;0;0;2;0;1;0;0;0;0;0;0;1;1;0;0;0;0;0;0;0;0;0;3;0;20;0;3;0;0;3;0;0;30;0;0;0;0;0;0;0;0;0;0;0;60;88;35;70;0.2;6;10;l;south;10-20;4.5;L008-00462-012;80033;0.81;5.6;1.3;24.1;35.8;153;107;13.4;80034;0.88;5.5;0.8;15.3;22;109;83;9.9
1045;abandonment;25.06.2008;0;0;0;0;0;0;0;0;0;0;1;0;45;0;0;0;0;1;0;0;0;0;0;0;0;0;0;1;0;0;0;0;0;0;0;0;0;0;0;0;0;0;0;0;0;1;0;0;0;0;0;0;0;3;0;0;0;0;0;0;0;0;0;0;0;0;0;0;0;0;0;0;2;0;20;0;0;0;0;0;0;0;0;0;0;0;0;1;0;0;40;0;75;0;20;30;0;15;15;;;;;;;;;;;;;;;;;;;;;;;
1048;abandonment;25.06.2008;0;0;0;10;0;0;0;2;0;0;3;0;0;0;0;0;0;0;0;0;0;1;0;0;0;0;0;0;0;0;0;0;0;0;1;2;0;0;0;0;0;0;0;0;0;0;2;0;0;0;1;0;0;5;0;0;1;0;0;0;0;0;0;0;0;0;0;0;0;0;3;0;80;0;0;0;0;10;0;0;10;0;0;0;0;0;0;0;0;0;0;0;95;0;27;80;0;5;0;m;south;5-10;11.5;L008-00462-014;80035;0.92;5;4;6.7;11;50.9;68;9.4;80036;0.97;5.1;1.6;3.4;6.4;40.5;98;6.8
1056;grazing;04.07.2008;0;0;0;0;0;0;0;1;0;0;1;2;3;0;0;0;0;0;0;0;0;10;0;0;0;0;0;0;0;0;0;0;0;0;2;2;0;0;0;0;0;0;0;0;0;0;2;0;0;0;1;0;0;40;0;0;0;0;4;0;0;0;0;0;0;0;0;0;0;0;15;0;3;0;5;0;0;0;0;0;25;0;0;0;0;0;0;0;0;0;0;0;60;73;17;15;0.2;80;0;l;southwest;>20;1.9;L008-00462-016;80037;0.78;5;4.4;12.8;14.7;82.4;41;13.5;80038;0.85;5.2;1.1;5.9;9.6;73;57;8.7
1060;abandonment;25.06.2008;0;0;0;6;0;0;0;1;0;0;0;0;4;0;0;0;0;0;7;0;0;0;0;0;0;0;0;0;0;0;0;0;0;0;0;0;0;0;0;1;0;0;0;0;0;7;2;0;0;0;0;0;0;3;0;0;0;0;0;0;0;0;0;0;0;0;0;0;0;0;0;0;3;0;60;0;0;2;0;0;1;0;0;0;0;0;0;0;0;0;0;0;80;0;35;70;0;2;0;m;south;10-20;1.1;L008-00462-018;80039;0.73;4.5;5;16.7;14.9;44.4;47;17.1;80040;0.9;4.4;2;6.1;5.2;17.7;66;10.3
1137;grazing;29.08.2008;0;0;0;5;0;0;0;0;0;0;5;0;0;0;0;0;0;3;0;1;0;0;0;0;0;0;0;5;1;0;0;10;0;0;0;0;0;0;0;0;0;0;0;0;0;0;0;0;0;0;0;0;3;10;0;0;0;0;0;0;0;0;0;0;0;0;0;0;0;3;7;0;20;15;15;0;0;0;0;0;0;0;0;0;0;0;0;0;0;0;40;0;75;53;15;40;0.5;75;10;l;west;10-20;0.6;L008-00462-020;80041;0.8;5.2;2.2;14.2;29.4;105;112;13;80042;0.96;5.2;1.1;9.1;11.8;38.5;124;7.5
1167;abandonment;23.06.2008;0;0;1;0;0;0;0;10;0;0;40;0;0;0;0;0;0;0;0;0;0;0;0;0;0;0;0;0;5;0;0;0;0;0;0;0;0;0;0;0;0;0;0;0;0;0;1;0;0;0;0;0;0;0;0;0;0;0;5;0;0;0;0;0;0;0;0;0;0;0;0;1;7;0;10;0;0;4;0;0;4;0;0;20;0;0;0;0;0;0;0;0;80;92;52;90;0.4;0;0;m;west;10-20;0.9;L008-00462-022;80043;0.89;4.9;15.3;12.7;17.9;88.5;101;10.9;80044;1.01;5.3;4.4;5.2;10;76.5;146;6.2
1186;grazing;04.07.2008;0;0;0;0;0;0;0;0;0;0;5;0;4;0;0;0;0;0;0;0;0;0;0;0;0;0;0;0;0;0;0;0;0;0;0;0;0;0;0;0;0;0;0;0;0;0;1;0;0;0;0;0;1;5;0;0;0;0;0;0;0;0;0;0;0;0;0;0;0;1;0;0;25;0;60;0;0;5;0;0;15;0;0;0;0;0;0;0;0;0;0;0;75;87;20;80;0.2;2;2;m;southwest;10-20;1.8;L008-00462-024;80045;0.79;5.2;1.7;16.8;17.2;107;58;15.1;80046;1.01;5.3;0.7;7.3;10.5;83.9;59;8.8
1223;abandonment;25.06.2008;0;0;0;7;0;0;0;2;0;0;1;0;0;0;0;0;0;0;0;0;0;0;0;0;0;0;0;0;0;0;0;0;0;0;0;0;1;0;0;0;0;0;0;0;0;0;0;0;0;0;0;0;0;5;0;0;0;0;0;0;0;0;0;0;0;0;0;0;0;0;0;1;70;0;0;0;0;15;0;0;4;0;0;0;0;0;0;0;0;0;0;0;85;0;30;60;0;25;0;m;southwest;10-20;1.1;L008-00462-026;80047;0.97;5;6.4;6.7;14.6;62.3;90;8.5;80048;0.97;5.2;4;4.3;10.5;53;113;6.8
1224;abandonment;23.06.2008;0;0;0;1;0;0;0;30;0;1;5;0;3;0;0;0;0;0;0;1;0;0;0;0;2;0;1;0;0;0;0;0;0;0;0;0;0;0;0;0;7;0;0;0;0;0;3;0;0;0;0;0;0;5;0;0;0;0;2;0;0;0;0;0;0;0;0;0;0;0;1;0;15;0;0;0;0;1;0;1;35;0;0;0;0;0;0;0;0;0;0;0;90;88;33;60;0.2;20;1;l;southeast;10-20;12.5;L008-00462-028;80049;0.72;4.8;4;39.1;16.6;120;74;19.4;80050;0.85;5.2;1.5;12.2;7.9;74.2;87;11.3
1249;grazing;04.07.2008;0;2;0;5;0;0;0;1;0;0;0;0;1;0;0;0;0;0;0;0;0;0;0;0;0;0;0;0;0;0;0;0;0;0;0;1;0;0;0;0;0;0;0;0;0;0;12;0;0;0;0;0;0;10;0;0;0;0;0;0;0;0;0;0;0;0;0;0;0;0;0;0;40;0;15;0;0;15;0;0;12;0;0;0;0;0;0;0;0;0;0;0;80;94;24;90;0.3;3;0;m;southwest;10-20;1.2;L008-00462-032;80053;0.96;4.6;8.3;7.8;12.3;29.7;143;9.3;80054;1.02;4.8;2.9;3.7;5.3;16.4;118;7
1262;grazing;04.07.2008;0;0;0;0;0;0;0;0;0;1;2;0;0;0;0;0;3;0;0;0;0;0;0;0;0;0;0;0;0;0;0;0;0;0;2;2;0;0;0;0;0;0;0;0;0;0;0;0;0;0;7;0;2;15;0;0;0;0;3;0;2;0;0;0;0;0;0;0;0;0;10;0;10;15;0;0;0;0;0;0;40;0;0;0;0;0;0;0;0;0;0;0;75;78;27;60;0.1;35;5;l;west;>20;1.4;L008-00462-034;80055;0.8;5.3;2.2;9.6;31.4;163;85;12.3;80056;0.88;5.6;0.8;6.1;22.1;140;130;7.2
1290;abandonment;25.06.2008;0;0;0;2;2;0;5;1;0;0;1;0;5;0;0;0;0;0;0;0;0;0;0;0;0;0;0;0;2;0;0;0;0;0;0;0;2;0;0;0;0;0;0;0;0;3;0;0;0;0;0;0;0;1;0;0;0;0;0;0;0;0;0;0;0;0;0;0;0;0;0;0;2;0;0;0;0;3;0;18;2;0;0;0;0;0;1;0;0;0;70;0;75;0;25;15;0;15;15;m;southwest;5-10;0.9;L008-00462-036;80057;0.73;5.1;5.7;28;31.1;131;106;18.8;;;;;;;;;
1316;grazing;25.06.2008;0;0;0;0;0;0;0;0;0;0;0;0;7;0;0;0;0;2;0;0;0;0;0;0;0;0;0;0;1;0;0;3;0;0;0;1;2;0;0;0;0;0;0;0;0;0;2;0;0;0;0;0;2;4;0;0;0;0;0;0;0;0;0;0;0;0;0;0;0;2;2;0;40;0;35;0;0;1;0;0;10;0;0;0;0;0;0;0;5;0;70;5;80;0;35;15;0;50;0;m;south;>20;1.4;L008-00462-037;80058;0.84;5;1.5;10.6;16.2;63.4;55;11.6;80059;1.1;5.2;0.4;3.3;5.8;24.6;57;5.2
1339;grazing;04.07.2008;0;2;0;1;2;0;0;1;0;0;0;1;12;0;0;0;3;0;0;1;0;0;0;0;1;0;0;5;7;0;0;0;0;0;1;0;0;0;0;0;0;0;0;0;0;0;0;0;0;0;0;0;2;3;0;0;0;0;1;0;0;0;0;0;0;0;0;0;0;2;0;0;60;0;20;0;0;0;0;5;10;0;0;0;0;2;0;2;0;0;50;0;80;80;26;25;0.1;25;2;m;south;10-20;0.9;L008-00462-039;80060;0.78;5.4;1.8;20.6;29.2;153;97;14.2;;;;;;;;;
1340;abandonment;23.06.2008;0;0;0;1;0;0;0;0;0;0;3;2;15;0;0;1;0;0;0;1;0;0;0;0;0;0;3;0;3;0;0;0;0;0;0;0;7;0;0;0;0;0;0;0;0;0;2;0;0;0;0;0;0;5;0;0;0;0;0;0;0;0;0;0;0;0;0;0;0;0;2;0;10;0;0;0;0;15;0;0;35;30;0;0;0;0;0;0;0;0;0;0;90;78;40;75;0.2;5;0;m;south;10-20;0.7;L008-00462-040;80061;0.87;5.2;4.8;10;17.3;90.8;69;9.6;80062;0.77;5.3;1.3;3.4;9.3;63;;4.7
1352;abandonment;25.06.2008;0;0;0;0;0;0;0;3;0;0;0;20;0;0;0;0;0;0;0;0;0;0;0;0;0;0;0;0;0;0;0;0;0;0;0;0;0;0;0;0;0;0;0;0;0;0;0;0;0;0;0;0;0;1;0;0;0;0;3;0;0;0;0;0;0;0;0;0;0;0;0;3;30;0;0;0;5;25;0;0;0;15;0;0;0;0;0;0;0;0;0;0;78;121;40;80;0.1;0;0;l/m;west;10-20;1.5;L008-00462-042;80063;0.9;4.9;12.6;7.1;11;68.4;59;9.7;80064;0.97;5.4;2.2;2.4;6.2;70.8;70;5.7
1356;grazing;04.07.2008;0;0;0;2;0;0;0;2;0;0;8;0;10;0;0;0;0;3;0;0;0;0;0;0;0;0;0;0;0;0;0;1;0;0;0;1;2;0;0;0;0;0;0;0;0;0;2;0;0;0;3;0;2;7;0;0;0;0;0;0;0;0;0;0;0;0;0;0;0;0;2;0;25;0;50;0;0;5;0;0;10;0;0;0;0;0;0;0;0;0;0;0;75;83;30;80;0.2;10;2;m;south;>20;1.8;L008-00462-044;80065;0.8;5;1.8;13.1;20.5;81.2;67;13.1;80066;0.91;5;1.2;6.9;11;48.1;65;8.8
1370;abandonment;25.06.2008;0;0;0;0;0;0;0;0;0;0;2;0;20;0;0;0;0;0;0;2;0;0;0;0;0;0;0;0;0;0;0;0;0;0;1;3;1;0;0;0;0;0;0;0;0;0;5;0;0;0;0;0;0;2;3;0;0;0;0;0;0;0;0;0;0;0;0;0;0;0;5;1;0;0;25;0;0;0;0;0;20;0;0;0;0;0;0;0;0;0;0;0;75;88;15;50;0.5;80;0;l;south;>20;2.2;L008-00462-048;80069;0.82;4.9;2.3;10.2;13.4;46.7;33;11.5;80070;0.93;5.1;0.8;3.5;6.1;29.9;33;7.4
1375;abandonment;25.06.2008;0;0;0;0;0;0;0;3;0;0;0;45;0;0;0;0;0;0;0;0;0;0;0;0;0;0;0;0;2;0;0;0;0;0;0;0;0;0;0;0;0;0;0;0;0;0;0;0;0;0;0;0;0;20;0;0;0;0;0;0;0;0;0;0;0;0;0;0;0;0;0;0;15;0;0;0;0;3;0;0;5;10;0;8;0;0;1;0;0;0;0;0;98;0;33;50;0;10;0;m/h;west;10-20;1.6;L008-00462-050;80071;0.91;4.8;13.6;7.7;16;65.5;144;9.4;80072;1.03;5.1;3;3.8;10.9;67.5;144;5.3
1396;abandonment;25.06.2008;0;0;0;5;0;0;0;2;0;0;5;5;0;0;0;0;0;0;0;0;0;0;0;0;0;0;0;0;0;0;0;0;0;0;0;1;0;0;0;0;0;0;0;0;0;0;0;0;0;0;0;0;0;3;0;0;0;0;0;0;0;0;0;0;0;0;0;0;0;0;0;0;60;0;0;0;0;15;0;0;10;10;0;0;0;0;0;0;0;0;0;0;98;0;35;70;0;0;0;m;southwest;10-20;2.1;L008-00462-052;80073;1.02;5.1;2.4;5.6;10.6;45;125;5.9;80074;1.08;5.4;0.6;2.9;5.6;35.6;161;3.6
1433;abandonment;23.06.2008;0;0;0;4;0;0;0;1;0;0;1;8;3;0;0;0;0;0;0;0;0;1;0;0;0;0;0;0;2;0;0;0;0;0;0;0;0;0;0;0;0;0;0;0;0;0;3;0;0;0;0;0;0;2;0;0;0;0;0;0;0;0;0;0;0;0;0;0;0;4;1;13;15;0;45;0;0;4;0;0;7;0;0;0;0;0;0;0;0;0;0;0;75;92;39;55;0.4;20;0;l/m;northeast;5-10;5.5;L008-00462-054;80075;0.79;4.7;18.5;9.8;11.6;57;45;15.1;80076;0.85;4.8;15.7;4.7;8.2;81.4;31;11.1
1462;grazing;25.06.2008;0;0;0;2;0;0;0;0;0;0;0;0;35;0;0;0;0;0;0;0;0;0;0;0;0;0;0;1;1;0;0;2;0;0;0;0;0;0;0;1;0;0;0;0;0;0;1;0;0;0;0;0;1;5;0;0;0;0;0;0;0;0;0;0;0;0;0;0;0;0;10;0;7;0;30;0;0;0;0;0;0;0;0;0;0;0;2;0;0;0;15;0;70;0;25;20;0;80;0;l;south;5-10;4.5;L008-00462-058;80079;0.76;4.4;4.4;11.7;9.8;20.6;34;17.8;80080;0.92;4.5;1.8;4.6;4.6;11;47;10.2
1464;abandonment;25.06.2008;0;4;0;0;0;0;0;0;0;0;0;40;0;0;0;0;0;0;0;0;0;0;0;0;0;0;0;0;0;0;0;0;0;0;0;0;0;0;0;0;0;0;10;0;0;1;0;0;0;0;0;0;0;0;0;0;0;0;0;0;0;0;0;0;0;0;0;0;0;0;0;0;0;0;0;0;0;0;0;30;0;0;0;0;0;0;0;1;0;0;0;0;75;54;40;3;0.5;5;25;h/m;southwest;>20;1.2;L008-00462-060;80081;0.81;6.3;62.8;66.5;53.2;371;182;14.7;80082;0.56;6.1;47;50.5;55.4;390;;
1474;abandonment;25.06.2008;0;3;20;0;0;0;0;1;0;0;0;5;0;0;0;0;0;0;0;0;0;0;0;0;0;0;0;0;0;0;0;0;0;0;0;0;35;0;0;0;0;0;0;0;0;0;0;0;0;0;0;0;0;0;0;0;0;0;0;0;0;0;0;0;0;0;0;0;0;0;0;0;15;0;0;0;0;0;0;15;1;25;0;25;0;0;0;0;0;0;0;0;95;115;50;75;0.5;0;2;h;southwest;5-10;1.5;L008-00462-062;80083;0.87;4.8;22;14.1;17;117;77;12.4;80084;0.99;5.3;4.7;6.4;10.1;94.8;73;7.2
2004;abandonment;24.06.2008;0;0;0;5;0;0;0;2;0;0;0;0;3;0;0;0;0;0;0;0;0;0;0;0;0;0;0;0;0;0;0;0;0;0;0;0;0;0;0;0;0;0;0;0;0;0;7;0;0;0;0;0;0;1;7;0;0;0;0;0;0;0;0;0;0;0;0;0;0;0;0;2;10;0;5;0;0;25;0;0;30;0;0;0;0;0;0;0;0;0;0;0;95;63;22;40;0.5;35;0;l/m;southwest;10-20;0.7;L008-00462-064;80085;0.75;4.6;19.5;10.1;14.7;60.9;32;16.7;80086;0.9;4.8;7.9;3.1;9.9;44;61;6.8
2055;abandonment;24.06.2008;0;0;0;0;0;0;0;0;0;0;30;0;1;0;0;0;0;0;0;0;0;1;0;0;0;0;0;0;0;0;0;0;0;0;0;0;0;0;0;0;0;0;0;0;0;0;0;0;0;0;0;0;0;1;0;0;0;0;7;0;0;0;0;0;0;0;0;0;0;0;0;4;40;0;20;0;0;10;0;5;0;0;0;0;0;0;0;0;0;0;0;0;100;71;32;85;0.5;10;0;m;northwest;5-10;1.2;L008-00462-066;80087;0.82;4.6;29.1;7.4;12.1;72.6;60;11.6;80088;1.07;5.4;9.1;3.3;5.1;53.6;51;5.9
2074;grazing;24.06.2008;0;0;0;0;0;0;0;0;0;0;0;0;5;0;0;0;2;0;0;0;0;0;2;1;0;0;0;0;0;0;0;0;0;0;0;1;0;0;0;0;0;0;0;0;0;0;0;0;0;0;1;3;3;0;0;0;0;0;0;3;0;0;0;0;0;1;0;0;0;1;5;0;10;0;0;0;0;0;0;0;50;0;0;0;0;0;0;0;0;0;0;0;76;73;30;90;0.5;60;0;l;south;10-20;1.5;L008-00462-070;80091;0.82;5;1.9;11.1;13.8;39.1;36;10.1;80092;0.93;5.3;0.5;4.4;7.2;27.2;49;5.8
2087;grazing;24.06.2008;0;0;0;5;0;0;0;4;0;1;3;0;17;0;0;0;0;0;0;3;0;3;0;0;0;0;0;0;0;0;0;0;2;0;0;0;0;0;0;0;0;0;0;0;0;0;3;0;0;0;0;0;2;0;0;0;0;0;1;0;0;0;0;0;0;0;0;0;0;0;8;0;45;0;10;2;1;5;0;0;10;0;0;0;0;0;0;0;0;0;0;0;70;87;42;80;0.1;30;1;l;south;>20;1.6;;;;;;;;;;;;;;;;;;;
2101;abandonment;25.06.2008;0;0;0;0;1;0;0;3;1;0;1;5;0;0;0;0;0;0;0;0;0;5;0;0;3;0;0;0;0;0;0;0;0;0;0;0;0;0;0;0;0;0;0;0;0;0;3;0;0;0;0;0;1;3;0;0;0;0;8;0;6;0;0;0;0;0;0;0;0;0;15;0;55;0;0;1;0;45;0;0;10;0;0;0;0;0;0;0;0;0;0;0;98;41;7;75;0.1;5;0;m;southwest;5-10;20.5;L008-00462-072;80093;0.88;4.8;2.6;11.3;13.4;51.5;48;9.8;80094;1;4.9;1.4;8.2;5.2;19.1;68;5.3
2199;abandonment;25.06.2008;0;15;0;5;0;0;0;3;0;3;0;0;3;0;0;0;0;0;0;0;0;0;0;0;0;0;0;0;10;0;0;0;0;0;0;0;0;0;0;0;0;0;0;0;0;1;0;0;0;0;0;0;0;0;0;0;0;0;5;0;0;0;0;0;0;0;0;0;0;0;0;0;60;0;0;0;0;15;0;0;20;0;0;0;0;0;0;0;0;0;0;0;90;70;34;95;0.3;0;0;m;south;10-20;13.5;L008-00462-074;80095;0.81;4.7;11;15.3;21.7;97.4;86;14.6;80096;1.03;5.2;3.1;5.6;7.3;35.3;230;3.9
2210;abandonment;24.06.2008;0;0;0;3;0;0;0;0;0;0;30;25;3;0;0;0;0;0;0;0;0;0;0;0;0;0;0;0;0;0;0;0;0;0;0;0;0;0;0;0;0;0;0;0;0;0;0;0;0;0;0;0;0;0;0;0;0;0;5;0;0;0;0;0;0;0;0;0;0;0;3;3;35;0;8;0;0;8;0;0;0;0;0;0;0;0;0;0;0;0;0;0;98;93;33;70;0.1;10;0;m;north;0-5;13.5;L008-00462-076;80097;0.88;4.5;22.4;12.9;11.9;62.3;94;11.1;80098;1.03;5.2;7.1;5;3.9;42;92;6
2213;grazing;24.06.2008;0;0;0;5;0;0;0;3;0;0;0;0;0;0;0;0;0;0;0;0;0;1;0;0;0;0;0;0;0;0;0;0;0;0;0;0;0;0;0;0;0;0;0;0;0;0;5;0;0;0;0;0;15;50;0;0;0;0;10;0;0;0;0;0;0;0;0;0;0;0;3;3;15;0;0;0;0;8;0;0;30;0;0;0;0;0;0;0;0;0;0;0;70;67;17;5;0.5;85;2;l;south;>20;1;L008-00462-078;80099;0.8;4.7;10.5;14.8;15.9;55.4;43;14.8;;;;;;;;;
2229;abandonment;24.06.2008;0;0;0;1;0;0;0;5;0;0;3;0;2;0;0;2;0;0;0;0;0;0;0;0;0;0;0;0;0;0;0;0;0;0;0;0;0;0;0;0;0;0;0;0;0;0;2;0;0;0;0;0;1;1;0;0;0;0;5;0;0;0;0;0;0;1;0;0;0;0;0;0;15;0;0;5;0;2;0;0;40;0;0;0;0;0;0;0;0;0;0;0;80;97;38;75;0.1;10;2;m;south;10-20;12.5;L008-00462-079;80100;0.82;5.3;5.7;17.7;21.3;130;46;15.2;80101;0.69;5.5;1.3;4.3;7.8;56.6;;9.4
2252;grazing;24.06.2008;0;0;0;0;0;0;0;0;0;1;0;0;1;0;0;0;0;0;0;0;0;0;0;0;0;0;0;0;0;0;0;0;0;0;0;0;0;0;0;0;0;0;0;0;0;0;5;0;0;0;0;0;4;12;0;0;0;0;2;0;0;0;0;0;0;0;0;0;0;0;0;0;35;0;10;0;0;20;0;0;8;0;0;0;0;0;0;0;0;0;0;0;80;128;35;80;0.2;2;0;l/m;south;10-20;0.5;L008-00462-081;80102;0.91;4.8;23.7;12.5;14.5;54.9;112;13.3;80103;1.25;5.2;5.9;4;5.7;27;193;3.5
2278;grazing;25.06.2008;0;0;0;2;0;0;0;2;0;0;2;0;0;0;0;0;0;0;0;2;1;1;0;0;0;0;0;0;0;0;0;0;0;0;0;1;0;0;0;0;0;0;0;0;0;0;1;0;0;0;0;0;1;10;0;0;0;0;5;0;0;0;0;0;0;0;0;0;0;0;1;0;45;0;0;0;0;10;0;0;30;0;0;0;0;0;0;0;0;0;0;0;50;53;9;15;0.5;50;1;m/l;south;10-20;1.3;L008-00462-083;80104;0.85;5.1;3.8;14.1;20.9;80;70;13.3;80105;1.11;5.1;2.8;3.9;12.6;45.9;101;5.3
2298;grazing;24.06.2008;0;0;0;3;0;0;0;20;0;1;1;0;0;0;0;0;0;0;0;0;0;5;0;0;0;0;0;0;0;0;0;0;0;0;0;1;0;0;0;0;1;0;0;0;0;0;0;0;0;0;0;0;0;15;0;0;0;0;2;6;0;0;0;0;0;0;0;0;0;0;15;0;40;0;10;1;0;20;0;0;10;0;0;0;0;0;0;0;0;0;0;0;85;75;26;20;0.5;30;0;l;south;>20;1.3;L008-00462-085;80106;0.86;5.2;3.3;8.5;18.3;73.6;50;10.7;80107;0.99;5.4;1.3;3.9;11.4;62.8;72;6.1
2312;grazing;24.06.2008;0;0;2;5;0;0;0;5;0;1;3;1;2;0;0;0;0;0;0;0;0;0;0;0;0;0;0;0;0;0;0;0;0;0;0;0;0;0;0;0;5;0;0;0;0;0;8;0;0;0;0;0;1;2;0;0;0;0;0;0;0;0;0;0;0;0;0;0;0;0;5;0;30;0;35;1;0;10;0;0;30;0;0;0;0;0;0;0;0;0;0;0;98;72;37;85;0.4;3;0;l/m;southeast;>20;12.5;L008-00462-087;80108;0.73;5.1;5.5;11.4;30.6;109;137;17;80109;0.97;5.1;2.3;5.7;16.3;75.7;222;8.4
2316;abandonment;25.06.2008;0;0;0;0;5;0;0;1;1;0;3;0;7;0;0;0;0;0;0;0;0;3;3;0;1;0;0;0;5;0;0;1;0;0;0;2;0;0;0;0;0;0;0;0;0;0;2;0;3;0;0;0;0;2;0;0;5;0;0;0;0;0;0;10;0;0;0;0;0;0;20;0;5;0;0;5;0;5;0;0;15;0;0;0;0;0;5;0;0;0;0;44;60;76;34;20;0.5;90;1;l;southwest;10-20;1.5;L008-00462-089;80110;0.82;5;1.9;13.3;23.8;68.2;80;12.6;80111;1.1;5.1;0.6;4.5;12.8;34.2;134;4.5
2344;grazing;24.06.2008;0;0;0;0;20;0;0;1;0;0;1;0;1;0;0;0;1;0;0;0;0;2;3;0;0;0;0;0;0;0;0;0;0;0;0;1;0;0;0;0;0;0;0;0;0;0;1;0;0;0;0;0;2;5;0;0;2;0;4;4;0;0;0;0;0;0;0;0;0;0;5;1;30;0;5;0;0;3;0;0;40;0;0;0;0;0;0;0;0;0;0;0;90;62;15;5;0.5;70;4;l;west;5-10;1.1;L008-00462-091;80112;0.73;5.3;2.6;11.4;22.9;128;52;15.7;80113;1.11;5.6;0.5;2.5;5.7;48.1;140;4.2
2347;grazing;25.06.2008;0;0;0;0;1;0;0;3;0;3;0;0;0;0;0;0;0;0;0;0;0;4;0;1;0;0;0;0;0;0;0;0;0;0;0;2;0;0;0;0;0;0;0;0;0;0;3;0;3;0;0;0;0;10;0;0;0;0;0;0;3;0;0;0;0;0;0;0;0;0;3;0;25;0;4;0;0;3;0;0;30;0;0;0;0;0;0;0;0;0;0;0;60;70;19;25;0.5;70;1;l;south;5-10;13.5;L008-00462-093;80114;0.85;5.1;2.3;10.4;13.6;49.3;42;12;80115;0.9;5.3;1.1;5.3;10.1;54.6;52;7.8
2348;abandonment;25.06.2008;0;1;0;0;0;0;0;0;0;0;2;0;0;0;0;0;0;0;0;0;0;1;0;0;0;0;0;0;0;0;0;0;0;0;1;1;0;0;0;0;0;0;0;0;0;0;2;0;0;0;0;0;0;2;0;0;0;0;10;0;0;0;0;0;0;0;0;0;0;0;0;0;60;0;0;0;0;35;0;0;10;0;0;0;0;0;4;0;0;0;0;0;85;50;25;70;0.1;1;2;m;south;5-10;14.5;L008-00462-095;80116;0.81;5;5.6;16.5;27.3;116;104;16.3;80117;1.01;5.2;1.6;9.3;14;65.8;137;8.5
2357;abandonment;24.06.2008;0;0;0;5;0;0;0;7;0;1;1;0;5;0;0;0;0;0;0;0;0;5;12;0;0;0;0;0;0;0;0;0;0;0;0;0;0;0;0;0;0;0;0;0;0;0;1;0;0;0;0;0;0;4;0;0;0;0;7;0;0;0;0;0;0;0;0;0;0;0;0;0;35;0;30;0;0;10;0;0;5;0;0;0;0;0;0;0;0;0;0;0;100;94;32;80;0.3;7;0;m;south;5-10;11.5;L008-00462-097;80118;0.88;5.1;3.8;8.1;20.1;89.9;72;9.6;80119;1.03;5.4;0.9;4.1;12.3;69.3;67;5.8
2373;abandonment;25.06.2008;0;0;0;8;0;0;0;0;0;0;2;0;0;0;0;0;0;0;0;0;0;0;0;0;0;0;0;0;1;0;0;0;0;0;0;0;0;0;0;0;0;0;0;0;0;0;8;0;0;0;0;0;0;10;0;0;0;0;5;0;0;0;0;0;0;0;0;0;0;0;0;0;35;0;5;1;0;25;0;0;55;0;0;0;0;0;0;0;0;0;0;0;60;67;28;80;0.4;0;10;m/l;south;>20;1.9;L008-00462-099;80120;0.84;5.6;2.6;10.3;21.8;158;87;11.9;80121;0.98;5.9;1;5.1;12.5;140;115;6.3
2379;abandonment;25.06.2008;0;0;0;1;0;0;0;0;0;0;0;0;0;0;0;0;0;0;0;1;0;1;0;0;0;0;0;0;1;0;0;0;0;0;2;0;0;0;0;0;0;0;0;0;0;0;3;0;0;0;0;0;0;5;0;0;0;0;5;0;0;0;0;0;0;0;0;0;0;0;0;0;20;0;0;0;0;15;0;0;25;8;0;0;0;0;0;0;0;0;0;0;45;48;14;95;0.1;20;4;m;south;>20;1.1;L008-00462-101;80122;0.78;5.3;6.3;15.3;23.3;274;77;19.4;80123;0.9;5.8;6;8.6;15.3;282;99;13.8
2386;abandonment;25.06.2008;0;0;1;0;0;0;5;0;0;0;0;0;0;0;0;0;0;0;0;0;0;0;0;0;0;0;0;0;0;0;0;0;0;0;0;0;0;0;0;0;0;0;0;0;0;0;0;0;0;0;0;0;0;0;0;0;0;0;23;0;0;0;0;0;0;0;0;0;0;0;0;0;15;0;0;0;0;20;0;0;0;40;0;60;0;0;0;0;0;0;0;0;60;41;16;85;0.1;0;8;m/h;south;10-20;19.5;L008-00462-103;80124;0.85;5.7;13.2;13.9;18.5;279;91;13.8;80125;0.97;6.2;2.2;4.9;10.8;177;95;7
2394;abandonment;24.06.2008;0;7;0;7;0;0;0;3;0;0;5;0;3;0;0;0;0;0;0;0;0;0;0;0;0;0;0;0;0;0;0;0;0;0;0;0;0;0;0;0;0;0;0;0;0;1;0;0;0;0;0;0;0;0;0;0;0;0;10;0;0;0;0;0;0;0;0;0;0;0;0;0;35;0;25;0;0;35;0;0;3;0;0;0;0;0;5;0;0;0;0;10;80;86;40;40;0.2;0;1;m/h;south;5-10;1.3;L008-00462-105;80126;0.8;4.7;21.4;11.1;28.6;105;89;15.2;80127;1;4.9;5.9;4.3;13.1;62.7;85;7
2399;abandonment;24.06.2008;0;0;0;0;0;0;0;3;0;0;10;0;15;0;0;0;0;0;0;0;0;3;0;0;0;0;0;0;0;0;0;0;0;0;0;0;0;0;0;0;0;0;0;0;0;0;2;0;0;0;0;0;0;4;0;0;0;0;5;0;0;0;0;0;0;0;0;0;0;0;0;0;20;0;20;0;0;15;0;0;5;0;0;0;0;0;0;0;0;0;0;0;90;83;54;5;0.5;75;0;m;west;10-20;1;L008-00462-107;80128;0.94;4.6;22.8;7.6;12.4;36.1;90;10.1;;;;;;;;;
2401;abandonment;25.06.2008;0;0;1;0;0;0;0;5;0;0;1;3;0;0;0;0;0;0;0;0;0;0;0;0;0;0;0;0;0;0;0;0;0;0;0;0;0;0;0;0;0;0;0;0;0;0;0;0;0;0;0;0;0;15;0;0;0;0;15;0;0;0;0;0;0;0;0;0;0;0;0;0;15;0;0;0;0;25;0;0;5;40;0;0;0;0;0;0;0;0;0;0;95;51;22;80;0.1;1;0;m;south;10-20;12.5;L008-00462-108;80129;0.78;5.5;11.7;13.1;29.9;330;89;19.1;80130;0.96;5.7;6;5.7;17.5;223;86;11.3
2403;abandonment;24.06.2008;0;0;0;0;0;0;0;0;0;2;0;0;10;0;0;0;0;0;0;0;0;0;0;0;0;0;0;0;0;0;0;0;0;0;0;0;0;0;0;0;0;0;0;0;0;0;4;0;0;0;0;0;0;4;0;0;0;0;0;0;0;0;0;0;0;0;0;0;0;0;0;5;85;0;0;0;0;15;0;0;0;0;0;0;0;0;0;0;0;0;0;0;95;62;45;90;0.2;0;0;m;;0-5;7.5;L008-00462-110;80131;0.92;4.7;27.6;10.5;12.9;40.7;103;10.5;80132;1.24;5.3;5.6;4.1;4;16.9;200;3.2
2404;abandonment;24.06.2008;0;0;0;7;0;0;0;2;0;0;10;20;5;0;0;0;0;0;0;0;0;2;0;0;0;0;0;0;2;0;0;0;0;0;0;0;0;0;0;0;0;0;0;0;0;0;0;0;0;0;0;0;0;1;0;0;0;0;0;0;0;0;0;0;0;0;0;0;0;0;0;0;10;0;50;0;0;5;0;0;2;0;0;0;0;0;0;0;0;0;0;0;80;87;35;40;0.5;5;15;n;south;>20;12.5;L008-00462-112;80133;0.88;5.2;3.6;14.2;18;120;50;14.1;80134;1.01;5.4;0.7;4.4;9.5;69;86;7.5
2423;grazing;24.06.2008;0;0;0;0;0;0;0;1;0;1;8;5;15;0;0;0;0;0;0;0;0;0;0;0;0;0;0;0;0;0;0;0;0;0;0;0;0;0;0;0;0;0;0;0;0;0;1;0;0;0;4;0;1;2;0;0;1;0;1;0;0;0;0;0;0;0;0;0;0;0;0;0;25;0;25;0;0;0;0;0;25;0;0;0;0;0;0;0;0;0;0;0;95;100;40;65;0.5;4;5;l/m;southwest;10-20;7.5;L008-00462-114;80135;0.82;5.2;4.7;15.7;15.9;73.6;63;11.3;80136;0.93;5.3;1.3;6.2;10.1;60;78;7.3
2443;grazing;24.06.2008;0;0;0;5;0;0;0;5;2;1;3;0;0;0;0;0;0;0;0;0;0;3;2;0;0;0;0;0;0;0;0;0;0;0;0;0;0;0;0;0;0;0;0;0;0;0;10;0;0;0;0;0;10;15;0;0;0;0;1;0;0;0;0;0;0;0;0;0;0;0;5;0;10;0;0;0;0;15;0;0;15;0;0;0;0;0;0;0;0;0;0;0;75;73;25;5;0.5;85;1;l;south;>20;12.5;L008-00462-116;80137;0.86;5;5.6;9;17.1;67.2;53;11.5;80138;0.94;5.1;1.7;3.9;10.8;53.1;54;7.5
2446;grazing;25.06.2008;0;0;0;10;0;0;0;1;0;1;10;0;3;0;0;0;0;0;0;2;0;0;0;0;0;0;0;0;0;0;0;0;0;0;0;0;0;0;0;0;2;0;0;0;0;0;3;0;0;0;0;0;1;3;0;0;0;0;0;0;0;0;0;0;0;0;0;0;0;0;10;0;55;0;0;1;0;10;0;0;15;0;0;0;0;0;4;0;0;0;0;47;85;55;22;85;0.2;15;0;m/l;south;10-20;1.6;L008-00462-118;80139;0.81;5;5;13.5;27.5;90.9;95;14.9;80140;0.92;5.1;3.5;6.8;14.1;58.1;141;8
2466;grazing;24.06.2008;0;0;0;3;0;0;0;5;0;0;3;0;1;0;0;0;0;0;0;0;0;0;0;0;25;0;0;0;0;0;0;0;0;0;0;0;0;0;0;0;0;0;0;0;0;0;2;0;0;0;0;0;2;5;0;0;0;0;5;0;0;0;0;0;0;0;0;0;0;0;5;0;40;0;15;0;0;5;0;0;10;1;0;0;0;0;0;0;0;0;0;0;90;66;37;90;2.5;2;0;l/m;southwest;>20;17.5;L008-00462-120;80141;0.87;5.5;2.3;7.3;29.4;151;90;9.8;80142;1;5.6;1;2.9;19.7;117;85;5.8
2477;abandonment;24.06.2008;0;3;0;8;0;0;0;10;0;0;2;0;3;0;0;0;0;0;0;0;0;0;0;0;0;0;0;0;0;0;0;0;0;0;0;0;0;0;0;0;0;0;0;0;0;0;0;0;0;0;0;0;0;0;0;0;0;0;2;0;0;0;0;0;0;0;0;0;0;0;0;0;25;0;4;0;0;15;0;0;25;0;0;0;0;0;0;0;0;0;0;0;75;88;30;50;0.2;30;0;m;east;5-10;1;L008-00462-122;80143;0.76;4.5;29.9;10.1;21.9;82.7;34;19.7;;;;;;;;;
2488;abandonment;25.06.2008;0;0;0;0;0;0;0;25;0;0;0;0;0;0;0;0;0;0;0;0;0;0;0;0;0;0;0;0;0;0;0;0;0;0;0;0;0;0;0;0;0;0;0;0;0;0;0;0;0;0;0;0;0;0;0;0;0;0;5;0;0;0;0;0;0;0;0;0;0;0;0;0;60;0;0;0;0;40;0;0;5;0;0;0;0;0;0;0;0;0;0;0;95;66;36;98;0.5;0;0;m;south;10-20;0.8;L008-00462-125;80146;0.88;4.5;6.8;14.7;14.3;45.4;100;12.7;80147;0.99;5;1.4;7.1;9.7;52.7;157;4.9
2493;abandonment;25.06.2008;0;0;3;0;0;0;0;0;0;0;0;1;0;0;0;0;0;0;0;0;0;0;0;0;0;0;0;0;2;0;0;0;0;0;0;0;0;0;0;0;0;0;0;0;0;0;0;0;0;0;0;0;0;15;0;0;0;0;3;0;0;0;0;0;0;0;0;0;0;0;0;0;40;0;0;0;0;30;0;0;15;0;0;0;0;0;0;0;0;0;0;0;60;52;12;80;0.1;0;15;m;southwest;10-20;1.7;L008-00462-127;80148;0.8;4.8;12;8.6;20.5;109;64;15.5;80149;0.93;5.3;3.2;4.3;14.2;101;160;7.3
3009;abandonment;26.06.2008;0;0;0;5;0;0;0;10;2;0;5;10;0;0;0;0;0;0;0;0;0;0;0;0;0;0;0;0;0;0;0;0;0;0;10;0;0;0;0;0;0;0;0;0;0;0;3;1;1;0;0;0;2;10;0;0;0;0;5;0;0;0;0;0;0;0;0;0;0;0;5;5;30;0;20;0;0;10;0;0;25;0;0;0;0;0;0;0;0;0;0;0;60;74;24;30;0.2;0;20;l/m;south;>20;1.1;L008-00462-129;80150;0.85;4.9;2.3;13.6;17.7;79.1;52;12.5;80151;0.95;5;1.6;6.8;11.9;55.1;32;10.4
3016;abandonment;26.06.2008;0;0;0;6;0;0;0;0;0;1;3;0;7;0;0;0;0;0;0;0;0;0;0;0;0;0;0;0;0;0;0;0;0;0;0;0;0;0;0;0;0;0;0;0;0;0;8;0;0;0;0;0;5;5;0;0;0;0;3;0;0;0;0;0;0;0;0;0;0;0;20;0;25;0;15;0;0;20;0;5;20;0;0;0;0;0;0;0;0;0;0;0;65;58;16;15;0.5;80;0;l/m;south;10-20;1.9;L008-00462-131;80152;0.8;4.5;2.6;8.6;12.5;34;21;16.4;80153;1;4.8;0.8;2.7;4.2;16.9;46;6.9
3067;abandonment;26.06.2008;0;0;0;0;0;0;2;5;0;0;40;0;0;0;0;0;0;0;0;0;0;0;0;0;0;0;0;0;0;0;0;0;0;0;5;0;0;0;0;0;0;0;0;0;0;0;0;0;0;0;0;0;0;1;0;0;0;0;2;0;0;0;0;0;0;0;0;0;0;0;0;15;0;0;0;0;0;30;0;5;0;25;0;0;0;0;0;0;0;0;0;0;100;85;39;60;0.2;0;0;m/h;east;10-20;2.1;L008-00462-133;80154;1.03;5.6;8.9;5.9;15.5;160;129;8.4;80155;1.01;5.6;6.1;4.1;15.2;162;135;7.4
3096;abandonment;26.06.2008;0;0;0;0;0;0;0;0;0;0;0;0;0;0;0;0;0;0;0;0;0;5;0;0;0;0;0;0;0;0;0;0;0;0;0;0;0;0;0;0;0;0;0;0;0;0;0;0;0;0;0;0;1;0;0;0;0;0;0;0;0;0;0;0;0;0;0;0;0;0;0;0;30;0;25;0;5;70;0;5;5;0;0;0;0;0;0;0;0;0;0;0;100;65;37;65;0.2;8;0;m;south;5-10;1;L008-00462-135;80156;0.82;4.7;7.6;8.1;18.9;116;66;15;80157;1.06;5.4;0.6;2.4;6.6;55.7;110;5.2
3107;grazing;26.06.2008;0;0;0;3;0;0;0;5;0;3;3;0;0;0;0;0;0;0;0;0;0;3;0;0;0;0;0;0;10;0;0;0;0;0;3;0;0;0;0;0;0;0;0;0;0;0;15;0;0;0;0;0;1;10;0;0;0;0;7;0;0;0;0;0;0;0;0;0;0;0;0;3;20;0;15;0;0;15;0;5;20;0;0;0;0;0;0;0;0;0;0;0;75;64;16;1;7.5;15;1;l/m;south;10-20;9.5;L008-00462-137;80158;0.78;4.7;3.8;10.4;19.6;85.3;51;16.7;80159;0.88;5.1;1.3;3.2;12.5;63.9;110;7.7
3131;abandonment;26.06.2008;0;0;1;0;0;0;0;1;0;0;5;3;0;0;0;0;0;0;0;0;0;25;0;0;0;0;0;0;0;0;0;0;0;0;3;0;0;0;0;0;0;0;0;0;0;0;0;0;1;0;0;0;0;20;0;0;0;0;0;0;0;0;0;0;0;0;0;0;0;0;0;0;60;0;10;0;5;30;3;10;25;0;0;0;0;0;0;0;0;0;0;0;80;46;7;35;0.5;45;2;l/m;east;10-20;9.5;L008-00462-139;80160;0.87;4.5;17.8;22;13.2;54.4;38;14.2;80161;1.2;5;2.5;4.4;3.3;18.3;32;4
3137;grazing;26.06.2008;0;0;0;0;0;0;0;0;0;0;0;0;0;0;0;0;0;0;0;0;0;0;0;0;0;0;0;0;0;0;0;0;0;0;0;0;0;0;0;0;0;0;0;0;0;0;0;0;1;0;0;0;5;6;0;0;0;0;0;0;10;0;0;0;0;0;0;0;0;0;15;0;20;30;0;0;0;15;0;0;0;0;0;0;0;0;0;0;0;0;0;0;55;47;4;20;0.5;20;15;l;south;>20;9.5;L008-00462-141;80162;0.72;4.5;10;20.2;17.7;52.6;26;23.8;80163;1.05;4.5;2.5;4.3;5.3;16.4;7.9;7.4
3172;abandonment;25.06.2008;0;0;0;0;0;0;1;0;0;0;1;0;0;0;0;0;0;0;0;0;0;0;0;0;0;0;0;0;0;0;0;0;0;0;0;0;0;0;0;0;0;0;0;0;0;0;0;0;0;0;0;0;0;0;0;0;0;0;0;0;0;0;0;0;0;0;0;0;0;0;0;0;40;0;30;0;0;40;0;10;5;0;0;0;0;0;0;0;0;0;0;0;100;32;28;80;0.2;0;0;m;-;0-5;14.5;L008-00462-143;80164;0.92;4.4;15.6;6.7;9.4;83.9;31;11.4;80165;1.01;5.1;3.5;3.2;7.4;77.1;28;6.8
3175;abandonment;25.06.2008;0;2;0;0;0;0;0;0;0;0;3;0;2;0;0;0;0;0;0;0;0;0;0;0;0;0;0;0;0;0;0;0;0;2;0;0;0;0;0;0;0;0;0;0;0;0;0;0;0;0;0;0;0;0;0;0;0;0;0;0;0;0;0;0;0;0;0;0;0;0;0;0;15;0;35;0;8;10;0;5;10;20;0;1;0;0;0;0;0;0;0;0;95;79;28;50;0.6;0;0;h/m;-;0-5;1.6;L008-00462-145;80166;0.8;5.7;5.7;19.6;19.9;433;53;28.3;80167;0.85;5.7;4.2;11.3;16.6;415;46;24.7
3187;abandonment;25.06.2008;0;0;0;2;0;0;0;0;0;0;1;0;3;0;0;0;0;0;0;0;0;0;0;0;0;0;1;0;1;0;0;0;0;0;0;0;0;0;0;0;0;0;0;0;0;0;10;0;0;0;0;0;1;15;0;0;0;0;0;0;0;0;0;0;0;0;0;0;0;0;20;0;10;0;0;0;0;0;0;0;75;0;0;0;0;0;0;0;0;0;0;0;75;128;21;80;0.2;20;0;m/l;south;>20;11.5;L008-00462-147;80168;0.81;4.9;3.2;14;14.2;56.6;46;13;80169;1.03;5.3;0.9;4.9;6.4;32;69;5.2
3192;abandonment;26.06.2008;0;0;0;0;0;0;0;0;0;0;0;0;5;0;0;0;0;0;0;0;0;0;0;0;0;0;0;0;7;0;0;0;0;0;0;0;0;0;0;0;0;0;0;0;0;5;0;0;0;0;0;0;0;0;0;0;0;0;0;0;0;0;0;0;0;0;0;0;0;0;0;0;60;0;5;0;0;60;0;10;20;0;0;0;0;0;0;0;0;0;0;0;100;72;35;90;0.2;0;0;m;south;5-10;8.5;L008-00462-149;80170;0.82;4.3;9.7;10.9;12.5;58.1;69;14.6;80171;1.01;4.8;1.3;4.8;6.3;38.8;95;7.4
3200;abandonment;25.06.2008;0;0;0;0;0;0;0;0;0;0;0;0;2;0;0;0;0;0;0;0;0;0;0;0;0;0;0;0;5;0;0;0;0;0;0;0;0;0;0;0;0;0;0;0;0;30;0;0;0;0;0;0;0;0;0;0;0;0;0;0;0;0;0;0;0;0;0;0;0;0;0;0;25;0;35;0;0;5;0;0;2;0;0;0;0;0;0;0;0;0;0;0;75;70;25;75;0.2;0;0;m;south;5-10;1.6;L008-00462-151;80172;0.87;4.4;6.8;8.5;4.8;40;66;17.1;80173;0.86;4.1;18.6;19.1;10.2;58;103;12.5
3226;grazing;26.06.2008;0;0;0;4;0;0;0;0;0;1;8;0;10;0;0;0;1;0;0;3;0;0;0;0;0;0;0;1;0;0;0;0;0;0;0;0;0;0;0;0;0;0;0;0;0;0;0;0;0;0;0;0;1;0;0;0;0;0;0;0;0;0;0;0;0;0;0;0;0;0;5;0;25;0;30;0;0;5;0;0;15;0;0;0;0;0;0;0;0;0;0;0;60;76;18;25;0.5;55;14;m;south;>20;1.9;L008-00462-153;80174;0.78;4.9;2.5;18.6;14.3;67.9;69;14.2;80175;1;5;0.8;6.4;5.3;28.4;69;7.7
3295;abandonment;25.06.2008;0;0;0;0;0;0;0;0;0;0;0;0;1;0;0;0;0;0;0;0;0;0;0;0;0;0;0;0;0;0;0;0;0;0;0;0;0;0;0;0;0;0;0;0;0;1;0;0;0;0;0;0;0;0;0;0;0;0;0;0;0;0;0;0;0;0;0;0;0;0;0;0;5;0;45;0;0;15;0;0;10;0;0;20;0;0;0;0;0;0;0;0;70;99;37;60;0.3;0;1;m;-;0-5;1.5;L008-00462-155;80176;0.81;4.7;8;14.7;16;129;65;14.2;80177;0.95;5.1;2.1;3.4;13.4;117;50;7
3298;abandonment;26.06.2008;0;0;0;5;0;0;0;0;0;0;2;0;0;0;0;0;0;0;0;0;0;0;0;0;5;0;5;0;10;0;0;0;0;0;0;0;0;0;0;0;0;0;0;0;0;0;1;0;0;0;0;0;0;3;0;0;0;0;0;0;0;0;0;0;0;0;0;0;0;0;0;0;10;0;5;20;0;20;0;5;30;10;0;0;0;0;0;0;0;0;0;0;80;113;47;80;0.1;2;8;m;southeast;>20;13.5;L008-00462-157;80178;0.8;5.1;7.2;10.4;19.5;146;103;13.5;80179;0.96;5.3;2.1;5.2;19.4;139;136;6.3
3316;abandonment;26.06.2008;0;0;0;5;0;0;0;3;0;0;5;0;5;0;0;0;1;0;0;0;0;2;0;0;0;0;0;0;0;0;0;0;0;0;10;0;0;0;0;0;0;0;0;0;0;0;2;0;3;0;0;0;0;7;0;0;1;0;0;0;1;0;0;0;0;0;0;0;0;0;5;0;35;0;15;0;0;5;0;3;25;5;0;0;0;0;0;0;0;0;0;0;55;55;11;10;0.5;70;0;l;east;>20;13.5;L008-00462-159;80180;0.96;4.6;10;5.1;8;38.5;12;11.2;80181;1.19;4.9;3.4;2.3;4.4;26;6.1;5.5
3335;abandonment;26.06.2008;0;5;0;0;0;0;0;1;0;3;0;0;0;0;0;0;0;0;0;1;0;2;0;0;0;0;0;0;4;0;0;0;0;0;1;0;0;0;0;0;0;0;0;0;0;0;2;0;0;0;0;0;0;0;0;0;0;0;10;0;0;0;0;0;0;0;0;0;0;0;0;0;25;0;0;0;0;40;0;10;10;0;0;0;0;0;0;0;0;0;0;0;75;74;14;1;3;0;4;m/h;southeast;10-20;14.5;L008-00462-161;80182;0.81;4.9;4.6;28.3;25;119;73;17.1;80183;0.92;4.9;1.8;10.9;11.4;52;40;10.2
3354;abandonment;26.06.2008;0;0;1;0;0;0;1;4;1;0;1;2;0;0;0;0;0;0;0;4;0;15;0;0;0;0;0;0;0;0;0;0;0;0;7;0;0;0;0;0;0;0;0;0;0;0;0;0;0;0;0;0;0;8;0;0;0;0;5;0;0;0;0;0;0;0;0;0;0;0;0;5;15;0;20;0;0;10;30;15;0;0;0;0;0;0;0;0;0;0;0;0;70;62;12;30;0.1;0;2;l/m;south;5-10;1.1;L008-00462-163;80184;0.91;5;12.2;14.2;28.4;137;148;12.7;80185;1.13;5.6;2.1;3;14.6;84.8;303;3.5
3410;abandonment;26.06.2008;0;0;0;0;0;0;1;1;0;1;12;3;1;0;0;0;0;0;0;2;0;5;0;0;0;0;0;0;0;0;0;0;0;0;15;0;0;0;0;0;0;0;0;0;0;0;0;0;0;0;0;0;0;5;0;0;0;0;2;0;0;0;0;0;0;0;0;0;0;0;0;0;40;0;40;0;0;10;20;10;20;0;0;0;0;0;0;0;0;0;0;0;85;56;7;30;0.5;0;1;m;northeast;5-10;14.5;L008-00462-165;80186;0.87;4.8;24.8;11.8;14.6;116;35;12.7;80187;1.15;5.4;1.8;2;5.4;35.7;49;3.9
3417;abandonment;26.06.2008;0;3;0;2;0;0;0;0;0;0;0;0;0;0;0;0;0;0;0;0;0;0;0;0;1;0;2;0;2;0;0;0;0;10;0;0;0;0;0;0;3;0;1;0;0;0;0;0;0;0;0;0;0;0;0;0;0;0;1;0;0;0;0;0;0;0;0;0;0;0;0;3;25;0;0;0;0;30;0;0;50;10;0;0;0;0;0;0;0;0;0;0;90;90;31;85;0.5;0;8;m;south;>20;11.5;L008-00462-167;80188;0.78;5.3;3.5;12.9;22.6;194;58;15;80189;0.9;5.6;1.2;5.4;16.5;183;49;10.6
3430;abandonment;26.06.2008;0;0;0;0;0;0;0;0;0;5;0;0;3;0;0;0;0;0;0;0;0;0;0;0;0;0;0;0;45;0;0;0;0;0;0;0;0;0;0;0;0;0;0;0;0;1;0;0;0;0;0;0;0;0;0;0;0;0;0;0;0;0;0;0;0;0;0;0;0;0;0;0;40;0;0;0;0;15;0;10;25;15;0;0;0;0;0;0;0;0;0;0;90;86;37;90;0.2;0;0;m;south;10-20;1.5;L008-00462-169;80190;0.83;4.6;9.2;10.3;16.1;66.3;58;13.1;80191;1.08;5.1;1.5;6.1;5.8;31.9;101;4.8
3468;grazing;26.06.2008;0;0;0;10;0;0;0;2;0;0;10;0;0;0;0;0;0;0;0;0;0;20;0;0;0;0;0;0;0;0;0;0;0;0;2;0;0;0;0;0;1;0;0;0;0;0;2;0;0;0;0;0;3;20;0;0;0;0;0;0;0;0;0;0;0;0;0;0;0;0;5;0;50;0;5;0;0;15;0;0;35;0;0;0;0;0;0;0;0;0;0;0;90;47;14;30;0.1;40;0;l/m;-;0-5;1.1;L008-00462-171;80192;0.73;4.7;7.1;13.1;16.9;74;38;20;80193;1.01;5;1.4;2.5;4.4;25.4;136;6
3492;grazing;26.06.2008;0;5;0;15;0;0;0;0;0;0;5;0;2;30;0;0;0;0;0;5;0;0;0;0;0;0;0;0;0;0;0;0;0;0;0;0;0;0;0;0;0;0;0;0;0;0;2;0;0;0;0;0;1;5;0;0;0;0;0;0;0;0;0;0;0;0;0;0;0;0;0;0;10;0;25;5;0;15;0;3;20;0;0;0;0;0;0;0;0;0;0;0;95;98;30;85;0.3;0;2;m;south;>20;1.7;L008-00462-173;80194;0.89;4.8;3.2;14.2;12.4;60.8;48;9.8;80195;0.97;5.1;1.2;6.3;6.2;37.4;43;6.6
3495;grazing;25.06.2008;0;0;0;0;0;0;0;0;0;0;3;0;5;0;0;0;0;0;0;0;0;0;0;0;0;0;0;0;0;0;0;0;0;0;0;0;0;0;0;0;0;0;0;0;0;0;10;0;0;0;0;0;1;0;0;0;0;0;0;0;0;0;0;0;0;0;0;0;0;0;10;0;40;0;5;0;0;20;0;0;5;15;0;0;0;0;0;0;0;0;0;0;98;99;32;50;0.1;25;0;m;south;5-10;16.5;L008-00462-175;80196;0.89;4.9;1.8;6;8.5;45;24;8.5;80197;0.98;5.5;0.3;1.7;4.1;35.3;28;4.8
4060;abandonment;27.06.2008;0;0;0;1;1;0;0;0;0;0;3;0;0;0;0;0;2;3;0;3;0;0;0;0;0;0;0;5;0;0;0;3;0;0;0;0;0;0;0;0;0;0;0;1;0;0;3;0;2;0;0;0;0;5;1;0;0;0;0;0;0;0;0;5;0;0;0;0;0;0;3;0;25;3;15;0;0;10;0;0;15;0;0;0;0;0;0;1;0;0;0;0;70;14;5;20;0.5;90;0;l;west;10-20;1.1;L008-00462-177;80198;0.82;4.9;3.5;8.7;15.8;50.2;36;12.4;80199;1.06;4.9;1.1;3.8;5.5;20.2;153;5.7
4067;abandonment;27.06.2008;0;0;0;0;0;0;0;1;0;0;1;0;0;0;0;0;0;0;0;0;0;3;0;0;0;0;0;0;0;0;0;0;0;0;0;0;0;0;0;0;0;0;0;0;0;0;0;0;0;0;0;0;0;0;0;0;0;0;0;0;0;0;0;0;0;0;0;0;0;0;0;0;80;0;25;0;0;10;3;0;5;0;0;0;0;0;0;0;0;0;0;0;85;14;3;30;0.5;25;0;m;east;10-20;1;L008-00462-179;80200;1.01;5.1;3;4.6;5.7;38.7;24;8.7;80201;0.99;5.8;1.9;2.6;7;84.3;18;7.6
4077;abandonment;27.06.2008;0;0;0;0;0;0;0;0;0;0;2;0;3;0;0;0;0;0;0;0;0;1;2;0;0;0;0;0;3;0;0;0;0;0;0;0;0;1;0;0;0;0;0;0;0;0;1;0;7;0;0;0;0;2;0;0;0;3;0;2;0;8;0;5;0;0;0;0;0;0;10;0;30;0;5;0;0;10;0;0;30;0;0;0;0;1;0;2;0;0;25;0;60;36;7;70;0.5;65;5;l/m;east;10-20;0.8;L008-00462-181;80202;0.8;4.9;3.2;12.1;10.3;46.4;43;14.7;80203;1.09;4.9;0.8;2.6;2.3;10.9;12;8.4
4101;grazing;27.06.2008;0;0;0;3;0;0;0;5;1;0;2;1;1;0;0;0;0;0;0;1;0;10;0;0;0;0;0;0;3;0;1;1;0;0;0;0;0;0;0;0;0;0;0;2;0;0;2;0;1;0;0;0;0;0;0;0;0;0;5;0;0;0;0;0;0;0;1;0;0;0;0;3;35;0;10;0;0;15;0;0;5;0;0;0;0;0;0;0;0;0;0;0;70;15;4;20;0.5;85;3;l/m;south;10-20;9.5;L008-00462-183;80204;0.95;5;1.5;15.2;9.9;45.6;61;9.9;80205;0.9;5.2;1;6.5;7.9;41.2;55;8.6
4223;grazing;27.06.2008;0;0;0;2;0;0;0;0;0;0;0;0;0;0;0;0;2;0;0;0;0;0;0;0;0;0;0;0;0;0;0;5;0;0;0;0;0;0;0;0;0;0;0;0;0;0;5;0;0;0;0;0;0;1;0;0;0;0;0;0;0;0;0;7;0;0;0;0;0;0;0;0;25;15;0;0;0;5;0;0;40;0;0;0;0;0;0;1;0;0;0;0;65;17;5;10;0.2;95;2;l;south;10-20;10.5;L008-00462-185;80206;0.86;5.1;2.2;15;19.8;54.9;102;12.8;80207;0.98;5.2;1.1;6.9;7.7;15.5;116;6
4247;abandonment;27.06.2008;0;0;0;2;3;0;0;0;0;0;2;0;5;0;0;0;5;0;0;0;0;0;0;0;0;0;0;0;0;0;0;1;15;0;0;0;0;0;0;2;0;0;0;0;0;0;0;0;0;0;0;0;0;2;1;0;3;0;0;0;0;0;0;1;0;0;0;0;0;0;3;0;20;0;0;0;0;5;0;0;10;0;0;0;0;0;0;0;0;0;0;0;40;33;3;50;0.5;100;0;l;north;10-20;0.8;L008-00462-187;80208;1.09;5;1.6;5.1;3.3;13.4;13;8.7;80209;1.23;5;1;2.4;2;9.2;6.6;5.3
4276;abandonment;27.06.2008;0;0;0;10;2;0;0;1;0;0;7;0;5;0;0;0;0;0;0;2;0;2;0;0;0;0;0;0;5;0;0;1;3;1;0;0;0;0;0;1;0;0;0;0;0;0;2;0;0;0;0;0;0;1;0;0;0;0;0;0;0;0;0;3;0;0;0;0;0;0;5;0;40;0;10;0;0;10;0;0;10;0;0;0;0;0;0;1;0;0;0;0;60;23;7;50;0.5;75;2;;;;;;;;;;;;;;;;;;;;;;;
4278;abandonment;27.06.2008;0;0;0;1;0;0;0;1;0;0;10;0;0;0;0;0;0;0;0;10;0;35;0;0;0;0;0;0;0;0;0;0;0;0;0;0;0;0;0;0;0;0;0;0;0;0;0;0;0;0;0;0;0;5;0;0;1;0;0;0;0;0;0;0;0;0;0;0;0;0;0;0;50;0;16;0;0;20;0;0;5;0;0;0;0;0;0;0;0;0;0;0;90;53;9;15;0.2;35;1;m;south;10-20;12.5;L008-00462-191;80212;0.95;5.1;4;14;9.4;33.7;48;9.8;80213;1.04;5.3;1.4;8.2;3.9;24.6;51;5.7
4406;abandonment;27.06.2008;0;0;0;5;0;0;1;1;1;0;10;10;3;0;1;0;0;0;0;5;0;10;0;0;0;0;0;0;0;0;0;0;10;0;0;0;0;0;0;0;0;0;0;0;0;0;0;0;2;0;0;0;0;0;1;0;0;0;0;0;0;0;0;1;0;0;0;0;0;0;0;0;30;0;25;0;0;5;0;0;15;0;0;0;0;0;0;0;0;0;0;0;50;44;5;10;0.5;20;20;m;-;0-5;13.5;L008-00462-193;80214;0.82;5;2.6;18.4;10.5;63.5;35;12.8;80215;0.9;5.1;1.8;8.1;5.1;40.9;20;8.3
4421;abandonment;27.06.2008;0;0;0;2;0;0;0;1;0;0;0;0;7;5;10;0;0;0;5;0;0;0;0;0;0;0;0;8;0;0;0;0;0;0;0;0;0;0;0;5;0;0;0;0;0;0;3;0;0;0;0;0;0;0;0;0;0;0;0;1;0;0;0;5;0;0;2;0;0;0;0;0;20;0;20;0;0;10;0;5;10;0;0;0;0;0;0;1;2;0;65;0;65;30;7;25;0.5;80;2;l;north;5-10;1;L008-00462-195;80216;0.82;4.7;3.9;11.9;15.1;114;20;15;80217;1.2;5;1.1;2.7;6.6;57.1;7.3;5.5
4460;abandonment;27.06.2008;3;0;0;0;3;0;0;0;0;0;0;0;0;0;1;0;5;0;0;0;0;0;0;0;0;0;0;0;0;0;0;5;0;0;0;0;0;0;1;0;0;0;0;0;0;0;0;0;0;0;0;0;0;5;2;0;0;0;2;1;0;8;0;5;0;0;0;0;0;0;3;0;15;10;15;0;0;3;0;0;30;0;0;0;0;0;0;0;0;0;5;0;50;15;4;10;0.5;95;0;l;southeast;10-20;7.5;L008-00462-197;80218;0.82;5;2.7;8.7;9.8;52.7;17;13.8;80219;1.22;5;0.6;1.6;2.5;15.7;4.6;4.9
4501;abandonment;02.07.2008;0;0;1;0;0;0;1;6;0;0;5;8;0;0;0;0;0;0;0;15;0;15;0;0;0;0;0;0;0;0;0;0;0;0;0;0;0;0;0;0;0;0;0;0;0;0;0;1;0;0;0;0;0;0;0;0;0;0;3;0;0;0;0;0;0;0;0;0;0;0;0;3;25;0;0;0;0;25;35;0;0;10;0;0;0;0;0;0;0;0;0;0;98;24;3;10;0.1;0;1;l/m;south;10-20;0.8;L008-00462-199;80220;0.97;5.6;4.9;10.1;13;128;58;10.2;80221;1.07;5.5;3.7;4.8;9;78;65;6.6
4503;grazing;02.07.2008;0;0;3;1;0;0;0;3;0;0;12;0;0;0;0;0;0;0;0;25;0;5;0;0;0;0;0;0;0;0;0;0;0;0;2;0;0;0;0;0;0;0;0;0;5;0;1;2;2;0;0;0;0;10;0;1;0;0;0;0;0;0;0;0;0;0;0;0;0;0;3;0;60;0;0;0;0;20;0;0;5;0;0;0;0;0;0;0;0;0;0;0;65;27;2;30;0.1;80;0;l;;;;L008-00462-201;80222;0.97;5.1;3.1;6.7;8;46.9;109;6.7;80223;1.07;5.3;1.2;4.4;4.4;39;137;4.8
4508;abandonment;02.07.2008;0;0;1;3;0;0;0;1;0;0;0;12;0;1;0;0;0;0;0;8;0;1;0;0;0;0;0;0;0;0;0;0;0;0;0;0;0;0;0;0;0;0;0;0;0;0;0;0;0;0;0;0;0;0;0;0;0;0;0;0;0;0;0;0;0;0;0;0;0;0;0;0;60;0;5;0;0;5;10;0;5;0;0;0;1;0;0;0;0;0;0;0;80;14;2;50;0.1;30;6;m;southeast;>20;16.5;L008-00462-203;80224;0.95;4.8;3;6;7.4;40;48;10.1;80225;0.98;4.9;1.6;2;3.1;21.1;36;8.2
4512;abandonment;02.07.2008;0;0;5;1;0;0;1;12;0;0;0;3;0;0;0;0;0;0;0;8;0;5;0;0;0;0;0;0;0;0;0;0;0;0;0;0;0;0;0;0;0;0;0;0;0;0;0;0;0;0;0;0;0;6;0;0;0;0;1;0;0;0;0;0;0;0;0;0;0;0;0;5;20;0;0;0;0;50;0;0;0;35;0;0;0;0;0;0;0;0;0;0;90;24;7;50;0.2;0;1;m;south;5-10;1.4;L008-00462-205;80226;0.97;5.2;6;15.7;12.3;111;63;10.5;80227;1.05;5.4;3.7;10.9;5.1;57.2;80;6.5
4516;abandonment;02.07.2008;0;0;0;1;0;0;0;1;0;0;2;0;0;0;0;0;0;0;0;6;0;0;0;0;0;0;0;0;0;1;0;0;0;0;0;0;0;0;0;0;0;0;0;0;0;0;2;0;1;0;0;0;2;8;0;1;0;0;1;1;0;0;0;0;0;0;0;0;0;0;5;0;40;0;0;0;0;15;0;0;5;0;0;0;0;0;0;0;1;0;0;0;50;13;2;75;0.1;90;3;l;west;>20;6.5;L008-00462-207;80228;0.83;4.9;3.9;16.2;25;81;239;12.5;80229;0.96;5.1;1.5;7.4;11.5;36.5;273;6.9
4519;grazing;02.07.2008;0;0;0;2;0;0;0;3;1;0;1;0;0;0;0;0;0;0;0;15;0;12;1;0;0;0;0;0;0;0;0;0;0;0;0;0;0;0;0;0;0;0;0;0;0;0;1;0;1;0;0;0;1;15;0;0;0;0;7;0;0;0;0;0;0;0;0;0;0;0;1;1;50;0;0;0;0;25;2;0;10;0;0;0;0;0;0;0;0;0;0;0;75;9;3;95;0.5;65;0;;south;10-20;7.5;L008-00462-209;80230;0.87;5.2;2.5;17.6;15.7;61.2;80;11.7;80231;1.04;5.3;1.2;8.7;6.7;28;97;6.6
4520;abandonment;02.07.2008;0;0;0;0;0;0;1;3;0;0;0;20;0;0;0;0;0;0;0;0;0;15;0;0;0;0;0;0;0;0;0;0;0;0;0;0;1;0;0;0;0;0;0;0;0;0;1;0;0;0;0;0;0;1;0;0;0;0;1;0;0;0;0;0;0;0;0;0;0;0;0;0;40;0;0;0;0;50;25;0;0;3;0;0;0;0;0;0;0;0;0;0;95;28;6;75;0.5;5;1;m;southwest;10-20;0.8;L008-00462-211;80232;1.03;5.2;4.8;7.6;9.1;82;108;7.3;80233;1.05;5;3.1;4.7;5;38.1;144;5.9
5007;abandonment;01.07.2008;0;0;0;3;0;0;0;0;0;1;5;0;1;0;0;0;0;0;0;20;0;1;0;0;0;0;0;0;3;5;0;0;0;1;1;0;0;0;0;0;7;7;0;0;0;0;12;2;0;1;4;0;10;10;0;0;4;0;2;0;0;1;0;0;1;0;0;0;0;0;8;0;20;0;10;2;0;5;0;0;15;0;0;2;0;0;3;0;0;0;20;3;75;49;20;15;0.5;80;0;l/m;south;10-20;10.5;L008-00462-213;80234;0.77;4.9;6.3;8.5;26;111;77;16;80235;1.01;5.1;1.9;2.7;14.8;60.6;235;4.5
5019;abandonment;01.07.2008;0;0;0;2;0;0;0;8;0;0;3;8;0;0;0;0;0;0;0;7;0;0;0;0;0;0;0;0;0;0;0;0;0;2;15;0;0;0;0;0;0;0;0;0;0;0;0;0;0;0;0;0;0;0;0;0;0;0;0;0;0;0;0;0;0;0;0;0;0;0;0;8;0;0;15;0;0;15;0;10;0;3;0;25;0;0;0;0;0;0;0;0;95;97;27;75;0.1;0;0;h;southwest;10-20;1.5;L008-00462-215;80236;0.96;5.2;10.9;9.1;16.5;149;131;9.1;80237;1.04;5.5;7.2;3;7.6;154;118;6.3
5025;abandonment;01.07.2008;0;12;0;0;0;0;0;20;0;0;5;20;0;0;0;0;0;0;0;20;0;0;0;0;0;0;1;0;0;0;0;0;0;15;0;0;0;0;0;0;0;0;0;0;0;0;1;0;0;0;0;0;0;0;0;0;0;0;0;0;0;0;0;0;0;0;0;0;0;0;0;8;5;0;15;0;0;2;0;2;0;5;0;5;0;0;0;0;0;0;0;0;100;119;70;70;0.1;0;0;h;north;5-10;1.4;L008-00462-217;80238;0.94;5.4;63.2;8.4;26.4;295;147;11.1;80239;0.97;5.4;61.4;5.3;20.3;304;131;8
5026;abandonment;01.07.2008;0;0;3;0;0;0;0;25;0;0;4;10;0;0;0;0;0;0;0;15;0;0;0;0;0;0;0;0;0;0;0;0;0;0;0;0;0;0;0;0;0;0;0;0;0;0;0;0;0;0;0;0;0;0;0;0;0;0;5;0;0;0;0;0;0;0;0;0;0;0;0;8;20;0;0;0;0;0;0;20;0;0;0;5;0;0;0;0;0;0;0;0;9;98;45;85;0.1;0;0;h;southwest;5-10;0.9;L008-00462-219;80240;0.95;5.1;9.3;10.6;12;92.5;113;9;80241;1.03;5.5;5.8;3.2;6.6;90.8;134;5.8
5136;abandonment;01.07.2008;0;0;0;0;0;0;0;3;1;0;12;0;0;0;0;0;0;0;0;3;0;4;0;0;3;0;0;0;0;0;0;0;0;0;0;0;0;0;0;0;0;0;0;0;0;0;1;0;0;0;0;0;0;15;0;0;0;0;2;0;0;0;0;0;0;0;0;0;0;0;0;15;20;0;0;0;0;15;0;7;7;5;40;0;0;0;0;0;0;0;0;0;85;79;25;80;1.5;5;0;m;south;10-20;0.8;L008-00462-221;80242;0.95;5.6;5.6;5.8;9.3;100;98;7;80243;1.03;5.9;3.6;3.5;6.4;101;92;5.4
5174;abandonment;01.07.2008;0;0;0;0;0;0;0;10;0;0;8;0;0;0;0;0;0;0;0;0;0;5;0;0;0;0;0;0;0;0;0;0;0;0;0;0;0;0;0;0;0;0;0;0;0;0;0;0;0;0;0;0;0;8;0;0;0;0;3;0;0;0;0;0;0;0;0;0;0;0;0;20;15;0;0;0;0;25;0;8;0;20;0;5;0;0;0;0;0;0;0;0;90;97;40;85;0.1;0;0;h;southwest;10-20;1.5;L008-00462-223;80244;0.89;5.4;9.8;13.6;16.2;120;68;12.1;80245;0.95;5.5;7.4;6.9;10.4;113;70;9.6
5183;abandonment;27.06.2008;0;0;0;0;0;0;0;1;1;0;3;0;0;0;0;0;0;0;0;10;0;12;0;4;0;0;0;0;0;0;0;0;0;0;5;0;0;0;0;0;0;0;0;0;0;0;0;0;0;0;0;0;1;25;0;0;5;0;2;0;0;0;0;0;0;0;0;0;0;0;0;5;30;0;8;0;0;5;0;0;15;0;0;0;0;0;0;0;0;0;0;0;75;32;4;5;0.1;30;8;m;south;>20;1.3;L008-00462-225;80246;0.97;5.4;6.3;8.2;23.7;111;118;9.4;80247;1.01;5.7;1.5;6;18.7;108;181;5.4
5188;abandonment;01.07.2008;0;1;0;12;0;0;0;5;0;1;20;0;1;0;0;0;0;0;0;15;0;10;0;0;0;0;0;0;0;0;0;0;0;2;0;0;0;0;0;0;0;0;0;0;0;0;0;0;0;0;0;0;0;0;2;0;0;0;0;0;0;0;0;0;0;0;0;0;0;0;0;3;25;0;12;0;0;5;0;3;25;10;0;0;0;0;0;0;0;0;0;0;98;73;20;50;0.5;2;2;m;north;10-20;13.5;L008-00462-227;80248;0.88;4.6;12.3;15.5;19.6;61.3;64;12.4;80249;0.99;5;5.6;6.3;13.1;53.6;112;7
5198;abandonment;27.06.2008;0;0;0;0;0;0;1;3;0;0;10;2;0;0;0;0;0;0;0;0;0;10;0;0;0;0;0;0;0;0;0;0;0;0;5;0;0;0;0;0;0;0;0;0;0;0;0;0;0;0;0;0;0;1;0;0;0;0;0;0;0;0;0;0;0;0;0;0;0;0;0;0;60;0;20;0;0;2;2;0;40;1;0;0;0;0;0;0;0;0;0;0;90;75;17;40;0.5;10;3;m/h;north;10-20;1.6;L008-00462-229;80250;0.9;4.8;15.1;7.6;21.4;81.1;31;11.8;80251;1.03;5.3;3.3;2.3;12.9;71.1;71;5.6
5219;abandonment;01.07.2008;0;0;1;0;0;0;0;15;0;0;0;5;0;0;0;0;0;0;0;0;0;4;0;0;0;0;0;0;0;0;0;0;0;8;0;0;0;0;0;0;0;0;0;0;0;0;0;0;0;0;0;0;0;0;0;0;0;0;0;0;0;0;0;0;0;0;0;0;0;0;0;20;10;0;0;0;0;0;0;35;0;5;0;15;0;0;0;0;0;0;0;0;99;111;45;75;0.1;0;0;m/h;southwest;5-10;1.9;L008-00462-231;80252;0.96;5.4;10.6;18.3;18.1;182;212;9.3;80253;1;5.5;8.2;4.3;14.1;171;198;6.2
5260;abandonment;01.07.2008;0;0;0;0;0;0;2;4;0;0;5;0;0;1;0;0;0;0;0;0;0;2;0;0;2;0;2;0;0;0;0;0;0;0;0;0;0;0;0;0;0;0;0;0;0;0;0;0;0;0;0;0;0;10;0;0;0;0;3;0;0;0;0;0;0;0;0;0;0;0;0;5;25;0;0;0;0;20;0;12;35;0;20;0;0;0;0;0;0;0;0;0;85;71;16;90;0.1;0;0;m;south;5-10;1;L008-00462-233;80254;0.83;5.5;17.2;12.7;30.5;152;175;14.3;80255;1.05;5.4;8.9;8.4;13.2;68.2;186;6.4
5297;abandonment;02.07.2008;0;0;0;7;0;6;0;1;0;0;12;2;0;0;0;0;0;0;0;0;0;50;0;0;0;0;0;0;0;0;0;0;0;0;0;0;0;0;0;0;0;0;0;0;0;0;0;0;0;0;0;0;0;0;0;0;0;0;1;0;0;0;12;0;0;0;0;3;0;0;0;0;50;0;30;0;0;5;3;5;5;0;0;0;1;0;0;0;0;0;0;0;75;62;5;70;0.1;50;2;l/m;north;5-10;8.5;L008-00462-235;80256;1.09;5.1;3.4;6.2;4.5;44.5;17;8.4;80257;1.19;5.5;2.9;2.8;2.4;30.2;9.4;5.9
5301;abandonment;27.06.2008;0;0;0;3;0;0;6;1;0;1;5;3;0;0;0;0;0;0;0;1;0;2;0;0;0;0;0;0;0;0;0;0;0;0;0;0;0;0;0;0;0;0;0;0;0;0;0;0;0;0;0;0;0;3;0;0;0;0;2;0;0;0;0;0;0;0;0;0;0;0;0;0;45;0;35;0;0;5;0;0;3;0;0;0;0;0;0;0;0;0;0;0;90;71;13;60;0.5;10;0;m;south;10-20;1.2;L008-00462-237;80258;0.96;4.7;7.1;11.3;9.4;26;76;8.6;80259;1.08;5.1;1.7;5.3;5.1;21.5;87;5
5319;abandonment;27.06.2008;0;0;0;1;0;0;0;2;0;0;7;2;0;0;0;0;0;0;0;1;0;30;0;0;0;0;0;0;0;0;0;0;0;0;15;0;0;0;0;0;0;0;0;0;0;0;0;0;0;0;0;0;0;2;0;0;1;0;5;0;0;0;0;0;0;0;0;0;0;0;0;1;25;0;20;0;0;25;2;0;5;0;0;0;0;0;0;0;0;0;0;0;90;54;7;20;0.5;0;10;m;south;10-20;11.5;L008-00462-239;80260;0.89;5.1;7.9;9.8;19.3;82.1;85;11.4;80261;0.99;5.4;1.7;3.5;13.8;88.1;87;6.4
5330;abandonment;27.06.2008;0;0;0;5;0;0;1;3;0;0;20;0;0;0;0;0;0;0;0;15;1;5;0;0;0;0;0;0;0;0;0;0;0;0;0;0;0;0;0;0;0;0;0;0;0;0;0;0;0;0;0;0;0;3;0;0;0;0;0;0;0;0;0;0;0;0;0;0;0;0;0;0;70;0;20;0;0;5;0;0;10;0;0;0;0;0;0;0;0;0;0;0;99;74;22;25;0.5;10;1;m/h;south;5-10;20.5;L008-00462-241;80262;0.96;5;3.9;6.2;24.4;95.2;92;8.8;80263;1.01;5.4;1;2;24.1;111;97;5.9
5340;abandonment;01.07.2008;0;0;0;0;0;0;0;5;0;0;8;4;0;0;0;0;0;0;0;0;0;5;0;0;0;0;0;0;0;0;0;0;0;3;5;0;0;0;0;0;0;0;0;0;0;0;0;0;0;0;0;0;0;15;0;0;0;0;0;0;0;0;0;0;0;0;0;0;0;0;0;5;20;0;0;0;0;5;0;10;0;30;0;5;0;0;0;0;0;0;0;0;95;100;26;85;0.1;0;0;h;west;5-10;8.5;L008-00462-243;80264;1.02;5.5;9.6;6;13.2;182;128;8.9;80265;1.05;5.8;8.8;4.3;10.1;158;152;7
5357;abandonment;02.07.2008;0;0;0;0;0;0;0;3;0;1;15;1;5;0;0;0;0;0;0;0;0;2;0;0;1;0;0;0;0;2;0;0;5;0;0;0;0;0;0;0;0;0;0;0;0;0;0;0;0;0;0;0;0;1;1;0;0;0;0;0;0;0;0;0;0;0;0;0;0;0;0;0;20;0;25;0;0;5;0;0;10;0;0;0;0;0;0;0;0;1;0;0;60;78;8;40;0.5;80;1;l;northwest;5-10;1.2;L008-00462-245;80266;1;5.2;1.9;6.3;8.9;73.3;14;8.8;80267;1.25;5.2;1.4;2.4;3.2;22.3;6.3;4.7
5432;abandonment;27.06.2008;0;0;0;2;0;0;0;1;0;0;15;0;0;0;0;0;0;0;0;2;0;50;0;0;2;0;0;0;0;0;0;0;0;0;8;0;0;0;0;0;0;0;0;0;0;0;0;0;0;0;0;0;0;5;0;0;0;0;2;0;0;0;0;0;0;0;0;0;0;0;0;0;50;0;10;0;0;20;0;0;7;1;0;0;0;0;0;0;0;0;0;0;95;82;12;10;0.5;30;0;m;south;10-20;1.4;L008-00462-247;80268;0.92;5;7.3;13;15.7;58.8;77;10.9;80269;1.05;5.2;1.7;5.3;15.1;75.5;60;6.3
5433;abandonment;01.07.2008;0;0;0;0;0;0;0;7;0;0;4;10;0;0;0;0;0;0;0;0;0;0;0;0;0;0;0;0;0;0;0;0;0;0;0;0;0;0;0;0;0;0;0;0;0;0;0;0;0;0;0;0;0;0;0;0;0;0;0;0;0;0;0;0;0;0;0;0;0;0;0;5;10;0;0;0;0;50;0;5;5;0;0;30;0;0;0;0;0;0;0;0;95;81;28;60;0.5;0;4;m/h;south;10-20;12.5;L008-00462-249;80270;0.93;6;9.1;22.1;14.3;171;74;10.6;80271;0.99;6.6;6.7;8.4;7.6;247;54;8.3
5437;abandonment;02.07.2008;0;0;0;8;0;0;0;10;0;0;5;0;0;0;0;0;0;0;0;0;0;0;0;0;3;0;0;0;0;0;0;0;0;0;0;0;0;0;0;0;0;0;0;0;0;0;0;0;0;0;0;0;0;8;0;0;0;0;1;0;0;0;0;0;0;0;0;0;0;0;0;8;55;0;0;0;0;20;0;0;5;5;0;5;0;0;0;0;0;0;0;0;75;75;20;90;0.1;5;0;m/h;west;>20;16.5;L008-00462-251;80272;1.06;5.2;2.8;7.1;15.9;68.7;156;4.9;80273;1.13;5.5;1.4;2.7;22.2;108;226;3.1
5461;abandonment;01.07.2008;0;0;0;5;0;0;0;0;0;1;5;15;2;0;0;0;0;0;0;6;0;1;0;0;0;0;1;0;0;0;0;0;0;4;2;0;0;0;0;0;0;0;0;0;0;0;1;0;0;0;0;0;1;5;0;0;0;0;1;0;0;0;0;0;0;0;0;0;0;0;0;0;30;0;60;0;0;5;0;10;10;2;0;0;0;0;0;0;0;0;0;0;90;119;30;25;0.5;4;8;m;southwest;10-20;1.4;L008-00462-253;80274;0.84;5;6.6;16.7;24.5;89.4;52;14.9;80275;0.97;5.2;2.9;6.9;18.9;90.8;47;7.9
5474;abandonment;27.06.2008;0;1;0;12;0;0;0;3;0;0;8;4;0;0;0;0;0;0;0;0;0;5;0;0;1;0;0;0;0;0;0;0;0;0;0;0;0;0;0;0;0;0;0;0;0;0;0;0;0;0;0;0;0;8;0;0;2;0;1;0;0;0;0;0;0;0;0;0;0;0;0;1;20;0;60;0;0;5;2;2;15;0;0;0;0;0;0;0;0;0;0;0;90;108;21;40;0.5;5;3;m/h;northwest;10-20;0.8;L008-00462-255;80276;0.97;4.8;11.1;14.4;19;57.9;95;11.7;80277;0.98;4.7;4.6;11.6;13.3;45.1;90;8.3
5475;abandonment;01.07.2008;0;0;0;0;0;0;2;3;1;0;10;2;0;0;0;0;0;0;0;0;0;2;0;0;0;0;0;0;0;0;0;0;0;0;0;0;0;0;0;0;0;0;0;0;0;0;0;0;0;0;0;0;0;0;0;0;0;0;5;0;0;0;0;0;0;0;0;0;0;0;0;15;10;0;0;0;0;15;0;5;0;0;40;5;0;0;0;0;0;0;0;0;95;70;18;90;0.1;0;1;m/h;southwest;10-20;5.5;L008-00462-257;80278;0.97;6;7.1;17;12;219;96;9.4;80279;1;7.1;4.8;6.4;8.1;736;83;7.1
5524;abandonment;02.07.2008;0;0;1;1;0;0;2;2;0;0;1;5;0;0;0;0;0;0;0;0;0;12;0;0;0;0;0;0;0;0;0;0;0;0;0;0;0;0;0;0;0;0;0;0;0;0;0;0;0;0;0;0;0;12;0;0;0;0;0;0;0;0;0;0;0;0;0;0;0;0;0;1;40;0;10;0;0;45;2;0;0;5;0;0;0;0;0;0;0;0;0;0;95;46;6;80;0.5;15;0;m;southeast;5-10;6.5;L008-00462-259;80280;0.98;5.6;4.5;7.2;10.4;107;61;9.2;80281;1.12;5.4;2;3.1;4.9;38.3;72;5.4
5528;abandonment;02.07.2008;0;0;0;0;0;0;0;0;0;0;0;0;0;0;0;0;0;0;0;0;0;15;0;0;0;0;0;0;0;0;0;0;0;0;0;0;0;0;0;0;0;0;0;0;0;0;0;0;0;0;0;0;0;3;0;0;0;0;0;0;0;0;0;0;0;0;0;0;0;0;0;1;30;0;0;0;0;35;8;0;6;0;0;0;0;0;0;0;0;0;0;0;60;14;2.5;80;0.5;10;3;l/m;west;5-10;2.5;L008-00462-261;80282;1.01;5.1;2.5;10.9;12;59.1;171;7.5;80283;1.05;5.4;0.9;5.7;12.4;64.6;180;5
